"accession","title"
"GSM4040752","L30D2"
"GSM4040755","L35D2"
"GSM4040732","H25D3"
"GSM4040758","L40D2"
"GSM4040735","H30D3"
"GSM4040738","H35D3"
"GSM4040724","H15D1"
"GSM4040741","H40D3"
"GSM4040744","L15D3"
"GSM4040747","L20D3"
"GSM4040750","L25D3"
"GSM4040727","H20D1"
"GSM4040753","L30D3"
"GSM4040756","L35D3"
"GSM4040730","H25D1"
"GSM4040739","H40D1"
"GSM4040733","H30D1"
"GSM4040725","H15D2"
"GSM4040759","L40D3"
"GSM4040736","H35D1"
"GSM4040742","L15D1"
"GSM4040745","L20D1"
"GSM4040734","H30D2"
"GSM4040728","H20D2"
"GSM4040748","L25D1"
"GSM4040754","L35D1"
"GSM4040731","H25D2"
"GSM4040751","L30D1"
"GSM4040757","L40D1"
"GSM4040737","H35D2"
"GSM4040740","H40D2"
"GSM4040743","L15D2"
"GSM4040729","H20D3"
"GSM4040726","H15D3"
"GSM4040746","L20D2"
"GSM4040749","L25D2"
